{
  "class_types": [
    "none",
    "dontcare",
    "copy_value",
    "true",
    "false",
    "refer",
    "inform"
  ],
  "domain_index": {
    "hotel": 0,
    "restaurant": 1,
    "train": 2,
    "attraction": 3,
    "taxi": 4
  },
  "slot_index": {
    "leaveat": 0,
    "destination": 1,
    "departure": 2,
    "arriveby": 3,
    "day": 4,
    "time": 5,
    "food": 6,
    "pricerange": 7,
    "name": 8,
    "area": 9,
    "people": 10,
    "stay": 11,
    "parking": 12,
    "stars": 13,
    "internet": 14,
    "type": 15
  },
  "slots": [
    "taxi-leaveat",
    "taxi-destination",
    "taxi-departure",
    "taxi-arriveby",
    "restaurant-book-people",
    "restaurant-book-day",
    "restaurant-book-time",
    "restaurant-food",
    "restaurant-pricerange",
    "restaurant-name",
    "restaurant-area",
    "hotel-book-people",
    "hotel-book-day",
    "hotel-book-stay",
    "hotel-name",
    "hotel-area",
    "hotel-parking",
    "hotel-pricerange",
    "hotel-stars",
    "hotel-internet",
    "hotel-type",
    "attraction-type",
    "attraction-name",
    "attraction-area",
    "train-book-people",
    "train-leaveat",
    "train-destination",
    "train-day",
    "train-arriveby",
    "train-departure"
  ],
  "slots-type": {
    "taxi-leaveat": "span",
    "taxi-destination": "span",
    "taxi-departure": "span",
    "taxi-arriveby": "span",
    "restaurant-book-people": "classify",
    "restaurant-book-day": "classify",
    "restaurant-book-time": "span",
    "restaurant-food": "span",
    "restaurant-pricerange": "classify",
    "restaurant-name": "span",
    "restaurant-area": "classify",
    "hotel-book-people": "classify",
    "hotel-book-day": "classify",
    "hotel-book-stay": "classify",
    "hotel-name": "span",
    "hotel-area": "classify",
    "hotel-parking": "classify",
    "hotel-pricerange": "classify",
    "hotel-stars": "classify",
    "hotel-internet": "classify",
    "hotel-type": "classify",
    "attraction-type": "classify",
    "attraction-name": "span",
    "attraction-area": "classify",
    "train-book-people": "classify",
    "train-leaveat": "span",
    "train-destination": "span",
    "train-day": "classify",
    "train-arriveby": "span",
    "train-departure": "span"
  },
  "label_maps": {
    "guest house": [
      "guest houses"
    ],
    "hotel": [
      "hotels"
    ],
    "centre": [
      "center",
      "downtown"
    ],
    "north": [
      "northern",
      "northside",
      "northend"
    ],
    "east": [
      "eastern",
      "eastside",
      "eastend"
    ],
    "west": [
      "western",
      "westside",
      "westend"
    ],
    "south": [
      "southern",
      "southside",
      "southend"
    ],
    "cheap": [
      "inexpensive",
      "lower price",
      "lower range",
      "cheaply",
      "cheaper",
      "cheapest",
      "very affordable"
    ],
    "moderate": [
      "moderately",
      "reasonable",
      "reasonably",
      "affordable",
      "mid range",
      "mid-range",
      "priced moderately",
      "decently priced",
      "mid price",
      "mid-price",
      "mid priced",
      "mid-priced",
      "middle price",
      "medium price",
      "medium priced",
      "not too expensive",
      "not too cheap"
    ],
    "expensive": [
      "high end",
      "high-end",
      "high class",
      "high-class",
      "high scale",
      "high-scale",
      "high price",
      "high priced",
      "higher price",
      "fancy",
      "upscale",
      "nice",
      "expensively",
      "luxury"
    ],
    "0": [
      "zero"
    ],
    "1": [
      "one",
      "just me",
      "for me",
      "myself",
      "alone",
      "me"
    ],
    "2": [
      "two"
    ],
    "3": [
      "three"
    ],
    "4": [
      "four"
    ],
    "5": [
      "five"
    ],
    "6": [
      "six"
    ],
    "7": [
      "seven"
    ],
    "8": [
      "eight"
    ],
    "9": [
      "nine"
    ],
    "10": [
      "ten"
    ],
    "11": [
      "eleven"
    ],
    "12": [
      "twelve"
    ],
    "architecture": [
      "architectural",
      "architecturally",
      "architect"
    ],
    "boat": [
      "boating",
      "boats",
      "camboats"
    ],
    "boating": [
      "boat",
      "boats",
      "camboats"
    ],
    "camboats": [
      "boating",
      "boat",
      "boats"
    ],
    "cinema": [
      "cinemas",
      "movie",
      "films",
      "film"
    ],
    "college": [
      "colleges"
    ],
    "concert": [
      "concert hall",
      "concert halls",
      "concerthall",
      "concerthalls",
      "concerts"
    ],
    "concerthall": [
      "concert hall",
      "concert halls",
      "concerthalls",
      "concerts",
      "concert"
    ],
    "entertainment": [
      "entertaining"
    ],
    "gallery": [
      "museum"
    ],
    "gastropubs": [
      "gastropub"
    ],
    "multiple sports": [
      "multiple sport",
      "multi sport",
      "multi sports",
      "sports",
      "sporting"
    ],
    "museum": [
      "museums",
      "gallery",
      "galleries"
    ],
    "night club": [
      "night clubs",
      "nightclub",
      "nightclubs",
      "club",
      "clubs"
    ],
    "park": [
      "parks"
    ],
    "pool": [
      "swimming pool",
      "swimming",
      "pools",
      "swimmingpool",
      "water",
      "swim"
    ],
    "sports": [
      "multiple sport",
      "multi sport",
      "multi sports",
      "multiple sports",
      "sporting"
    ],
    "swimming pool": [
      "swimming",
      "pool",
      "pools",
      "swimmingpool",
      "water",
      "swim"
    ],
    "theater": [
      "theatre",
      "theatres",
      "theaters"
    ],
    "theatre": [
      "theater",
      "theatres",
      "theaters"
    ],
    "abbey pool and astroturf pitch": [
      "abbey pool and astroturf",
      "abbey pool"
    ],
    "abbey pool and astroturf": [
      "abbey pool and astroturf pitch",
      "abbey pool"
    ],
    "abbey pool": [
      "abbey pool and astroturf pitch",
      "abbey pool and astroturf"
    ],
    "adc theatre": [
      "adc theater",
      "adc"
    ],
    "adc": [
      "adc theatre",
      "adc theater"
    ],
    "addenbrookes hospital": [
      "addenbrooke's hospital"
    ],
    "cafe jello gallery": [
      "cafe jello"
    ],
    "cambridge and county folk museum": [
      "cambridge and country folk museum",
      "county folk museum"
    ],
    "cambridge and country folk museum": [
      "cambridge and county folk museum",
      "county folk museum"
    ],
    "county folk museum": [
      "cambridge and county folk museum",
      "cambridge and country folk museum"
    ],
    "cambridge arts theatre": [
      "cambridge arts theater"
    ],
    "cambridge book and print gallery": [
      "book and print gallery"
    ],
    "cambridge contemporary art": [
      "cambridge contemporary art museum",
      "contemporary art museum"
    ],
    "cambridge contemporary art museum": [
      "cambridge contemporary art",
      "contemporary art museum"
    ],
    "cambridge corn exchange": [
      "the cambridge corn exchange"
    ],
    "the cambridge corn exchange": [
      "cambridge corn exchange"
    ],
    "cambridge museum of technology": [
      "museum of technology"
    ],
    "cambridge punter": [
      "the cambridge punter",
      "cambridge punters"
    ],
    "cambridge punters": [
      "the cambridge punter",
      "cambridge punter"
    ],
    "the cambridge punter": [
      "cambridge punter",
      "cambridge punters"
    ],
    "cambridge university botanic gardens": [
      "cambridge university botanical gardens",
      "cambridge university botanical garden",
      "cambridge university botanic garden",
      "cambridge botanic gardens",
      "cambridge botanical gardens",
      "cambridge botanic garden",
      "cambridge botanical garden",
      "botanic gardens",
      "botanical gardens",
      "botanic garden",
      "botanical garden"
    ],
    "cambridge botanic gardens": [
      "cambridge university botanic gardens",
      "cambridge university botanical gardens",
      "cambridge university botanical garden",
      "cambridge university botanic garden",
      "cambridge botanical gardens",
      "cambridge botanic garden",
      "cambridge botanical garden",
      "botanic gardens",
      "botanical gardens",
      "botanic garden",
      "botanical garden"
    ],
    "botanic gardens": [
      "cambridge university botanic gardens",
      "cambridge university botanical gardens",
      "cambridge university botanical garden",
      "cambridge university botanic garden",
      "cambridge botanic gardens",
      "cambridge botanical gardens",
      "cambridge botanic garden",
      "cambridge botanical garden",
      "botanical gardens",
      "botanic garden",
      "botanical garden"
    ],
    "cherry hinton village centre": [
      "cherry hinton village center"
    ],
    "cherry hinton village center": [
      "cherry hinton village centre"
    ],
    "cherry hinton hall and grounds": [
      "cherry hinton hall"
    ],
    "cherry hinton hall": [
      "cherry hinton hall and grounds"
    ],
    "cherry hinton water play": [
      "cherry hinton water play park"
    ],
    "cherry hinton water play park": [
      "cherry hinton water play"
    ],
    "christ college": [
      "christ's college",
      "christs college"
    ],
    "christs college": [
      "christ college",
      "christ's college"
    ],
    "churchills college": [
      "churchill's college",
      "churchill college"
    ],
    "cineworld cinema": [
      "cineworld"
    ],
    "clair hall": [
      "clare hall"
    ],
    "clare hall": [
      "clair hall"
    ],
    "the fez club": [
      "fez club"
    ],
    "great saint marys church": [
      "great saint mary's church",
      "great saint mary's",
      "great saint marys"
    ],
    "jesus green outdoor pool": [
      "jesus green"
    ],
    "jesus green": [
      "jesus green outdoor pool"
    ],
    "kettles yard": [
      "kettle's yard"
    ],
    "kings college": [
      "king's college"
    ],
    "kings hedges learner pool": [
      "king's hedges learner pool",
      "king hedges learner pool"
    ],
    "king hedges learner pool": [
      "king's hedges learner pool",
      "kings hedges learner pool"
    ],
    "little saint marys church": [
      "little saint mary's church",
      "little saint mary's",
      "little saint marys"
    ],
    "mumford theatre": [
      "mumford theater"
    ],
    "museum of archaelogy": [
      "museum of archaeology"
    ],
    "museum of archaelogy and anthropology": [
      "museum of archaeology and anthropology"
    ],
    "peoples portraits exhibition": [
      "people's portraits exhibition at girton college",
      "peoples portraits exhibition at girton college",
      "people's portraits exhibition"
    ],
    "peoples portraits exhibition at girton college": [
      "people's portraits exhibition at girton college",
      "people's portraits exhibition",
      "peoples portraits exhibition"
    ],
    "queens college": [
      "queens' college",
      "queen's college"
    ],
    "riverboat georgina": [
      "riverboat"
    ],
    "saint barnabas": [
      "saint barbabas press gallery"
    ],
    "saint barnabas press gallery": [
      "saint barbabas"
    ],
    "saint catharines college": [
      "saint catharine's college",
      "saint catharine's"
    ],
    "saint johns college": [
      "saint john's college",
      "st john's college",
      "st johns college"
    ],
    "scott polar": [
      "scott polar museum"
    ],
    "scott polar museum": [
      "scott polar"
    ],
    "scudamores punting co": [
      "scudamore's punting co",
      "scudamores punting",
      "scudamore's punting",
      "scudamores",
      "scudamore's",
      "scudamore"
    ],
    "scudamore": [
      "scudamore's punting co",
      "scudamores punting co",
      "scudamores punting",
      "scudamore's punting",
      "scudamores",
      "scudamore's"
    ],
    "sheeps green and lammas land park fen causeway": [
      "sheep's green and lammas land park fen causeway",
      "sheep's green and lammas land park",
      "sheeps green and lammas land park",
      "lammas land park",
      "sheep's green",
      "sheeps green"
    ],
    "sheeps green and lammas land park": [
      "sheep's green and lammas land park fen causeway",
      "sheeps green and lammas land park fen causeway",
      "sheep's green and lammas land park",
      "lammas land park",
      "sheep's green",
      "sheeps green"
    ],
    "lammas land park": [
      "sheep's green and lammas land park fen causeway",
      "sheeps green and lammas land park fen causeway",
      "sheep's green and lammas land park",
      "sheeps green and lammas land park",
      "sheep's green",
      "sheeps green"
    ],
    "sheeps green": [
      "sheep's green and lammas land park fen causeway",
      "sheeps green and lammas land park fen causeway",
      "sheep's green and lammas land park",
      "sheeps green and lammas land park",
      "lammas land park",
      "sheep's green"
    ],
    "soul tree nightclub": [
      "soul tree night club",
      "soul tree",
      "soultree"
    ],
    "soultree": [
      "soul tree nightclub",
      "soul tree night club",
      "soul tree"
    ],
    "the man on the moon": [
      "man on the moon"
    ],
    "man on the moon": [
      "the man on the moon"
    ],
    "the junction": [
      "junction theatre",
      "junction theater"
    ],
    "junction theatre": [
      "the junction",
      "junction theater"
    ],
    "old schools": [
      "old school"
    ],
    "vue cinema": [
      "vue"
    ],
    "wandlebury country park": [
      "the wandlebury"
    ],
    "the wandlebury": [
      "wandlebury country park"
    ],
    "whipple museum of the history of science": [
      "whipple museum",
      "history of science museum"
    ],
    "history of science museum": [
      "whipple museum of the history of science",
      "whipple museum"
    ],
    "williams art and antique": [
      "william's art and antique"
    ],
    "alimentum": [
      "restaurant alimentum"
    ],
    "restaurant alimentum": [
      "alimentum"
    ],
    "bedouin": [
      "the bedouin"
    ],
    "the bedouin": [
      "bedouin"
    ],
    "bloomsbury restaurant": [
      "bloomsbury"
    ],
    "cafe uno": [
      "caffe uno",
      "caffee uno"
    ],
    "caffe uno": [
      "cafe uno",
      "caffee uno"
    ],
    "caffee uno": [
      "cafe uno",
      "caffe uno"
    ],
    "cambridge lodge restaurant": [
      "cambridge lodge"
    ],
    "chiquito": [
      "chiquito restaurant bar",
      "chiquito restaurant"
    ],
    "chiquito restaurant bar": [
      "chiquito restaurant",
      "chiquito"
    ],
    "city stop restaurant": [
      "city stop"
    ],
    "cityr": [
      "cityroomz"
    ],
    "citiroomz": [
      "cityroomz"
    ],
    "clowns cafe": [
      "clown's cafe"
    ],
    "cow pizza kitchen and bar": [
      "the cow pizza kitchen and bar",
      "cow pizza"
    ],
    "the cow pizza kitchen and bar": [
      "cow pizza kitchen and bar",
      "cow pizza"
    ],
    "darrys cookhouse and wine shop": [
      "darry's cookhouse and wine shop",
      "darry's cookhouse",
      "darrys cookhouse"
    ],
    "de luca cucina and bar": [
      "de luca cucina and bar riverside brasserie",
      "luca cucina and bar",
      "de luca cucina",
      "luca cucina"
    ],
    "de luca cucina and bar riverside brasserie": [
      "de luca cucina and bar",
      "luca cucina and bar",
      "de luca cucina",
      "luca cucina"
    ],
    "da vinci pizzeria": [
      "da vinci pizza",
      "da vinci"
    ],
    "don pasquale pizzeria": [
      "don pasquale pizza",
      "don pasquale",
      "pasquale pizzeria",
      "pasquale pizza"
    ],
    "efes": [
      "efes restaurant"
    ],
    "efes restaurant": [
      "efes"
    ],
    "fitzbillies restaurant": [
      "fitzbillies"
    ],
    "frankie and bennys": [
      "frankie and benny's"
    ],
    "funky": [
      "funky fun house"
    ],
    "funky fun house": [
      "funky"
    ],
    "gardenia": [
      "the gardenia"
    ],
    "the gardenia": [
      "gardenia"
    ],
    "grafton hotel restaurant": [
      "the grafton hotel",
      "grafton hotel"
    ],
    "the grafton hotel": [
      "grafton hotel restaurant",
      "grafton hotel"
    ],
    "grafton hotel": [
      "grafton hotel restaurant",
      "the grafton hotel"
    ],
    "hotel du vin and bistro": [
      "hotel du vin",
      "du vin"
    ],
    "Kohinoor": [
      "kohinoor",
      "the kohinoor"
    ],
    "kohinoor": [
      "the kohinoor"
    ],
    "the kohinoor": [
      "kohinoor"
    ],
    "lan hong house": [
      "lan hong",
      "ian hong house",
      "ian hong"
    ],
    "ian hong": [
      "lan hong house",
      "lan hong",
      "ian hong house"
    ],
    "lovel": [
      "the lovell lodge",
      "lovell lodge"
    ],
    "lovell lodge": [
      "lovell"
    ],
    "the lovell lodge": [
      "lovell lodge",
      "lovell"
    ],
    "mahal of cambridge": [
      "mahal"
    ],
    "mahal": [
      "mahal of cambridge"
    ],
    "maharajah tandoori restaurant": [
      "maharajah tandoori"
    ],
    "the maharajah tandoor": [
      "maharajah tandoori restaurant",
      "maharajah tandoori"
    ],
    "meze bar": [
      "meze bar restaurant",
      "the meze bar"
    ],
    "meze bar restaurant": [
      "the meze bar",
      "meze bar"
    ],
    "the meze bar": [
      "meze bar restaurant",
      "meze bar"
    ],
    "michaelhouse cafe": [
      "michael house cafe"
    ],
    "midsummer house restaurant": [
      "midsummer house"
    ],
    "missing sock": [
      "the missing sock"
    ],
    "the missing sock": [
      "missing sock"
    ],
    "nandos": [
      "nando's city centre",
      "nando's city center",
      "nandos city centre",
      "nandos city center",
      "nando's"
    ],
    "nandos city centre": [
      "nando's city centre",
      "nando's city center",
      "nandos city center",
      "nando's",
      "nandos"
    ],
    "oak bistro": [
      "the oak bistro"
    ],
    "the oak bistro": [
      "oak bistro"
    ],
    "one seven": [
      "restaurant one seven"
    ],
    "restaurant one seven": [
      "one seven"
    ],
    "river bar steakhouse and grill": [
      "the river bar steakhouse and grill",
      "the river bar steakhouse",
      "river bar steakhouse"
    ],
    "the river bar steakhouse and grill": [
      "river bar steakhouse and grill",
      "the river bar steakhouse",
      "river bar steakhouse"
    ],
    "pipasha restaurant": [
      "pipasha"
    ],
    "pizza hut city centre": [
      "pizza hut city center"
    ],
    "pizza hut fenditton": [
      "pizza hut fen ditton",
      "pizza express fen ditton"
    ],
    "restaurant two two": [
      "two two",
      "restaurant 22"
    ],
    "saffron brasserie": [
      "saffron"
    ],
    "saint johns chop house": [
      "saint john's chop house",
      "st john's chop house",
      "st johns chop house"
    ],
    "sesame restaurant and bar": [
      "sesame restaurant",
      "sesame"
    ],
    "shanghai": [
      "shanghai family restaurant"
    ],
    "shanghai family restaurant": [
      "shanghai"
    ],
    "sitar": [
      "sitar tandoori"
    ],
    "sitar tandoori": [
      "sitar"
    ],
    "slug and lettuce": [
      "the slug and lettuce"
    ],
    "the slug and lettuce": [
      "slug and lettuce"
    ],
    "st johns chop house": [
      "saint john's chop house",
      "st john's chop house",
      "saint johns chop house"
    ],
    "stazione restaurant and coffee bar": [
      "stazione restaurant",
      "stazione"
    ],
    "thanh binh": [
      "thanh",
      "binh"
    ],
    "thanh": [
      "thanh binh",
      "binh"
    ],
    "binh": [
      "thanh binh",
      "thanh"
    ],
    "the hotpot": [
      "the hotspot",
      "hotpot",
      "hotspot"
    ],
    "hotpot": [
      "the hotpot",
      "the hotpot",
      "hotspot"
    ],
    "the lucky star": [
      "lucky star"
    ],
    "lucky star": [
      "the lucky star"
    ],
    "the peking restaurant: ": [
      "peking restaurant"
    ],
    "the varsity restaurant": [
      "varsity restaurant",
      "the varsity",
      "varsity"
    ],
    "two two": [
      "restaurant two two",
      "restaurant 22"
    ],
    "restaurant 22": [
      "restaurant two two",
      "two two"
    ],
    "zizzi cambridge": [
      "zizzi"
    ],
    "american": [
      "americas"
    ],
    "asian oriental": [
      "asian",
      "oriental"
    ],
    "australian": [
      "australasian"
    ],
    "barbeque": [
      "barbecue",
      "bbq"
    ],
    "corsica": [
      "corsican"
    ],
    "indian": [
      "tandoori"
    ],
    "italian": [
      "pizza",
      "pizzeria"
    ],
    "japanese": [
      "sushi"
    ],
    "latin american": [
      "latin-american",
      "latin"
    ],
    "malaysian": [
      "malay"
    ],
    "middle eastern": [
      "middle-eastern"
    ],
    "traditional american": [
      "american"
    ],
    "modern american": [
      "american modern",
      "american"
    ],
    "modern european": [
      "european modern",
      "european"
    ],
    "north american": [
      "north-american",
      "american"
    ],
    "portuguese": [
      "portugese"
    ],
    "portugese": [
      "portuguese"
    ],
    "seafood": [
      "sea food"
    ],
    "singaporean": [
      "singapore"
    ],
    "steakhouse": [
      "steak house",
      "steak"
    ],
    "the americas": [
      "american",
      "americas"
    ],
    "a and b guest house": [
      "a & b guest house",
      "a and b",
      "a & b"
    ],
    "the acorn guest house": [
      "acorn guest house",
      "acorn"
    ],
    "acorn guest house": [
      "the acorn guest house",
      "acorn"
    ],
    "alexander bed and breakfast": [
      "alexander"
    ],
    "allenbell": [
      "the allenbell"
    ],
    "the allenbell": [
      "allenbell"
    ],
    "alpha-milton guest house": [
      "the alpha-milton",
      "alpha-milton"
    ],
    "the alpha-milton": [
      "alpha-milton guest house",
      "alpha-milton"
    ],
    "arbury lodge guest house": [
      "arbury lodge",
      "arbury"
    ],
    "archway house": [
      "archway"
    ],
    "ashley hotel": [
      "the ashley hotel",
      "ashley"
    ],
    "the ashley hotel": [
      "ashley hotel",
      "ashley"
    ],
    "aylesbray lodge guest house": [
      "aylesbray lodge",
      "aylesbray"
    ],
    "aylesbray lodge guest": [
      "aylesbray lodge guest house",
      "aylesbray lodge",
      "aylesbray"
    ],
    "alesbray lodge guest house": [
      "aylesbray lodge guest house",
      "aylesbray lodge",
      "aylesbray"
    ],
    "alyesbray lodge hotel": [
      "aylesbray lodge guest house",
      "aylesbray lodge",
      "aylesbray"
    ],
    "bridge guest house": [
      "bridge house"
    ],
    "cambridge belfry": [
      "the cambridge belfry",
      "belfry hotel",
      "belfry"
    ],
    "the cambridge belfry": [
      "cambridge belfry",
      "belfry hotel",
      "belfry"
    ],
    "belfry hotel": [
      "the cambridge belfry",
      "cambridge belfry",
      "belfry"
    ],
    "carolina bed and breakfast": [
      "carolina"
    ],
    "city centre north": [
      "city centre north bed and breakfast"
    ],
    "north b and b": [
      "city centre north bed and breakfast"
    ],
    "city centre north b and b": [
      "city centre north bed and breakfast"
    ],
    "el shaddia guest house": [
      "el shaddai guest house",
      "el shaddai",
      "el shaddia"
    ],
    "el shaddai guest house": [
      "el shaddia guest house",
      "el shaddai",
      "el shaddia"
    ],
    "express by holiday inn cambridge": [
      "express by holiday inn",
      "holiday inn cambridge",
      "holiday inn"
    ],
    "holiday inn": [
      "express by holiday inn cambridge",
      "express by holiday inn",
      "holiday inn cambridge"
    ],
    "finches bed and breakfast": [
      "finches"
    ],
    "gonville hotel": [
      "gonville"
    ],
    "hamilton lodge": [
      "the hamilton lodge",
      "hamilton"
    ],
    "the hamilton lodge": [
      "hamilton lodge",
      "hamilton"
    ],
    "hobsons house": [
      "hobson's house",
      "hobson's"
    ],
    "huntingdon marriott hotel": [
      "huntington marriott hotel",
      "huntington marriot hotel",
      "huntingdon marriot hotel",
      "huntington marriott",
      "huntingdon marriott",
      "huntington marriot",
      "huntingdon marriot",
      "huntington",
      "huntingdon"
    ],
    "kirkwood": [
      "kirkwood house"
    ],
    "kirkwood house": [
      "kirkwood"
    ],
    "lensfield hotel": [
      "the lensfield hotel",
      "lensfield"
    ],
    "the lensfield hotel": [
      "lensfield hotel",
      "lensfield"
    ],
    "leverton house": [
      "leverton"
    ],
    "marriot hotel": [
      "marriott hotel",
      "marriott"
    ],
    "rosas bed and breakfast": [
      "rosa's bed and breakfast",
      "rosa's",
      "rosas"
    ],
    "university arms hotel": [
      "university arms"
    ],
    "warkworth house": [
      "warkworth hotel",
      "warkworth"
    ],
    "warkworth hotel": [
      "warkworth house",
      "warkworth"
    ],
    "wartworth": [
      "warkworth house",
      "warkworth hotel",
      "warkworth"
    ],
    "worth house": [
      "the worth house"
    ],
    "the worth house": [
      "worth house"
    ],
    "birmingham new street": [
      "birmingham new street train station"
    ],
    "birmingham new street train station": [
      "birmingham new street"
    ],
    "bishops stortford": [
      "bishops stortford train station"
    ],
    "bishops stortford train station": [
      "bishops stortford"
    ],
    "broxbourne": [
      "broxbourne train station"
    ],
    "broxbourne train station": [
      "broxbourne"
    ],
    "cambridge": [
      "cambridge train station"
    ],
    "cambridge train station": [
      "cambridge"
    ],
    "ely": [
      "ely train station"
    ],
    "ely train station": [
      "ely"
    ],
    "kings lynn": [
      "king's lynn",
      "king's lynn train station",
      "kings lynn train station"
    ],
    "kings lynn train station": [
      "kings lynn",
      "king's lynn",
      "king's lynn train station"
    ],
    "leicester": [
      "leicester train station"
    ],
    "leicester train station": [
      "leicester"
    ],
    "london kings cross": [
      "kings cross",
      "king's cross",
      "london king's cross",
      "kings cross train station",
      "king's cross train station",
      "london king's cross train station",
      "london kings cross train station"
    ],
    "london kings cross train station": [
      "kings cross",
      "king's cross",
      "london king's cross",
      "london kings cross",
      "kings cross train station",
      "king's cross train station",
      "london king's cross train station"
    ],
    "london liverpool": [
      "liverpool street",
      "london liverpool street",
      "london liverpool train station",
      "liverpool street train station",
      "london liverpool street train station"
    ],
    "london liverpool street": [
      "london liverpool",
      "liverpool street",
      "london liverpool train station",
      "liverpool street train station",
      "london liverpool street train station"
    ],
    "london liverpool street train station": [
      "london liverpool",
      "liverpool street",
      "london liverpool street",
      "london liverpool train station",
      "liverpool street train station"
    ],
    "norwich": [
      "norwich train station"
    ],
    "norwich train station": [
      "norwich"
    ],
    "peterborough": [
      "peterborough train station"
    ],
    "peterborough train station": [
      "peterborough"
    ],
    "stansted airport": [
      "stansted airport train station"
    ],
    "stansted airport train station": [
      "stansted airport"
    ],
    "stevenage": [
      "stevenage train station"
    ],
    "stevenage train station": [
      "stevenage"
    ]
  }
}
